"Dataset","Variable","N","Mean","SD","Min","Median","Max"
"USA Housing","Price",5000,1232072.65414236,353117.626581061,15938.6579232878,1232669.37796579,2469065.5941747
"USA Housing","Avg_Area_Income",5000,68583.1089839597,10657.9912138304,17796.6311895434,68804.2864037162,107701.748377639
"USA Housing","Avg_Area_House_Age",5000,5.97722203528027,0.991456179828172,2.64430418603671,5.9704289471248,9.51908806613594
"USA Housing","Avg_Area_Number_of_Rooms",5000,6.98779185090794,1.00583323127739,3.2361940234262,7.00290198720193,10.7595883359386
"USA Housing","Avg_Area_Number_of_Bedrooms",5000,3.98133,1.23413726548468,2,4.05,6.5
"USA Housing","Area_Population",5000,36163.5160385747,9925.65011350123,172.6106862729,36199.4066892605,69621.7133777904
