"Avg_Area_Income","Avg_Area_House_Age","Avg_Area_Number_of_Rooms","Avg_Area_Number_of_Bedrooms","Area_Population","fit","lwr","upr"
68804.2864037162,5.9704289471248,7.00290198720193,4.05,36199.4066892605,1238202.18109791,1039877.17231657,1436527.18987925
