"Term","Estimate","Std_Error","t_value","p_value","CI_2.5","CI_97.5"
"(Intercept)",-2637299.0333283,17157.809171234,-153.708378908298,0,-2670935.87367552,-2603662.19298108
"Area_Population",15.2007439237413,0.144229698657454,105.392606829493,0,14.917990379938,15.4834974675447
"Avg_Area_House_Age",165637.026940866,1443.41299920775,114.753730936177,0,162807.303628006,168466.750253727
"Avg_Area_Income",21.5780494483501,0.13431207858962,160.656060682971,0,21.3147387949249,21.8413601017753
"Avg_Area_Number_of_Bedrooms",1651.13905401901,1308.67122389134,1.26169126658821,0.207118826395888,-914.431211142562,4216.70931918058
"Avg_Area_Number_of_Rooms",120659.9488163,1605.16042986786,75.1700244854859,0,117513.12951249,123806.768120111
